title,authors,abstract,summary
"Association between Guillain-Barré syndrome and SARS-CoV-2 virus infection, including the impact of COVID-19 vaccination in the context of the development and general clinical characteristics of the disease.","Jakub Sadowski, Joanna Huk, Sylwia Otulak, Jesica Zawiło, Tomasz Klaudel, Mateusz Roszak, Dominik Tenczyński, Rafał Jakub Bułdak","During the COVID-19 pandemic, a statistically significant increase in the incidence of Guillain-Barré syndrome (GBS) has begun to be observed. This article discusses the impact of immunological processes on structural and functional changes in the peripheral nervous system on the pathogenesis of GBS. The aim of the systematic review is to analyze and discuss available information from the scientific literature regarding a possible clinical relationship between SARS-CoV-2 infection along with vaccination mainly, adenovector and mRNA vaccines and the development of different types of Guillain-Barré syndrome. The review specifically discusses the role of proinflammatory cytokines and ""cytokine storm"" in patients with COVID-19 and their potential impact on the phenomenon of ""molecular mimicry"" and the generation of autoantibodies in GBS. This issue has been expanded to include information from studies on the impact of vaccination against SARS-CoV-2 virus and the higher number of observed cases of Guillain-Barré syndrome. Focusing on the characteristics of the methods, materials, results and conclusions, the review finally included 114 publications, like studies, meta-analyses, clinical cases and reviews. The systematic review was conducted using PubMed, Google Scholar, and Elsevier databases. It pointed out the molecular and clinical association between SARS-CoV-2 virus infections and COVID-19 vaccination, in the development of Guillain-Barré syndrome in the context of its clinical course.","Here's a simple summary:

During the COVID-19 pandemic, there was an increase in cases of a rare nerve disorder called Guillain-Barré Syndrome (GBS). This review looks at how the immune system affects the nervous system and contributes to GBS. It also explores whether getting infected with COVID-19 or vaccinated against it increases the risk of developing GBS. The review analyzed 114 studies, including research papers, reviews, and case reports, from databases like PubMed and Google Scholar. Overall, it found a link between COVID-19 infection and vaccination and the development of GBS, which can have serious effects on the nervous system."
Intelligent Batch Epitope Identification and Partitioning: an intelligent tool for the identification of B cell dominant epitopes.,"Yun-Fei Ma, Ye Liu","Identifying B cell dominant epitopes helps to improve vaccine design and better understand immune evasion of pathogens. Herein, we present the Intelligent Batch Epitope Identification and Partitioning (IBEIP), an intelligent tool for identifying B cell dominant epitope regions based on antigen-neutralizing antibody (Ag-nAb) complex data. IBEIP can accurately map the epitopes on any appointed Ag-nAb complex by analyzing antigen-antibody interactions at a molecular level. Combined with a hierarchical iterative merging model, IBEIP can intelligently merge and analyze mapped epitopes to identify B cell dominant epitopes. It is also applicable to analyzing high-mutant antigens and complex epitope structures. We demonstrated the performance of IBEIP by analyzing 127 Ag-nAb complexes from the respiratory syncytial virus (RSV) fusion, SARS-CoV-2 spike, and high-mutant influenza hemagglutinin. Over 90% of the residues overlapped between IBEIP and reported epitopes, confirming its reliability. IBEIP also uncovered new and important B cell dominant epitope regions and structures of these pathogens for researchers. Our study provides a reliable, intelligent tool for B cell dominant epitope analysis and offers some valuable insights for preventing RSV, SARS-CoV-2, and influenza infections.","Here's a simple summary:

Scientists created a new tool called IBEIP to help identify important parts of viruses that our immune system recognizes as targets (called epitopes). This tool looks at how the virus interacts with antibodies in our blood and uses that information to find the most important parts of the virus. They tested this tool on three different viruses - RSV, SARS-CoV-2, and influenza - and found that it was very accurate. It even discovered new and important parts of these viruses that our immune system might target. This tool can help us understand how viruses evade our immune system and develop better vaccines to prevent infections."
Fear of the Unknown: Pandemic Concerns Among Non-hospitalized COVID-19 Infected or Quarantined Norwegian Adults.,"Malene Svaland, Anja Maria Brænd, Silje Rebekka Heltveit-Olsen, Guri Rørtveit, Sigurd Høye, Jørund Straand, Guro Haugen Fossum",We aimed to explore concerns and feeling of safety among quarantined and non-hospitalized COVID-19 patients.,"Here is a summary of the abstract in simple language:

Researchers want to understand how worried and safe people feel when they are stuck at home with COVID-19 but don't need to go to the hospital."
